Workbook

Sheet tickets
A1: ticket_id | B1: created_at | C1: closed_at | D1: outlet_id | E1: cms_id | F1: Same_Day? | G1: Same_Hour?
A2: isu-sjd-457 | B2: 44427.698 | C2: 44430.523 | D2: wrqy-juv-978 | E2: vew-iuvd-12 | F2: =IF(INT(B2) = INT(C2), 1, 0) -> 0 | G2: =IF(HOUR(B2)=HOUR(C2), 1,0) -> 0
A3: qer-fal-092 | B3: 44429.465 | C3: 44429.718 | D3: 8woh-k3u-23b | E3: kbj-pecf-42 | F3: =IF(INT(B3) = INT(C3), 1, 0) -> 1 | G3: =IF(HOUR(B3)=HOUR(C3), 1,0) -> 0
A4: isu-sjd-458 | B4: 44431.231 | C4: 44431.246 | D4: bckt-klj-1ct | E4: vew-iuvd-13 | F4: =IF(INT(B4) = INT(C4), 1, 0) -> 1 | G4: =IF(HOUR(B4)=HOUR(C4), 1,0) -> 1
A5: qer-fal-093 | B5: 44432.998 | C5: 44433.107 | D5: 5tpc-qpd-dr1 | E5: kbj-pecf-43 | F5: =IF(INT(B5) = INT(C5), 1, 0) -> 0 | G5: =IF(HOUR(B5)=HOUR(C5), 1,0) -> 0
A6: isu-sjd-459 | B6: 44434.764 | C6: 44435.302 | D6: mxqr-lta-7kp | E6: vew-iuvd-14 | F6: =IF(INT(B6) = INT(C6), 1, 0) -> 0 | G6: =IF(HOUR(B6)=HOUR(C6), 1,0) -> 0
A7: qer-fal-094 | B7: 44436.531 | C7: 44436.788 | D7: vdlg-wqf-92m | E7: kbj-pecf-44 | F7: =IF(INT(B7) = INT(C7), 1, 0) -> 1 | G7: =IF(HOUR(B7)=HOUR(C7), 1,0) -> 0
A8: isu-sjd-460 | B8: 44438.297 | C8: 44438.691 | D8: rjtn-pkc-4db | E8: vew-iuvd-15 | F8: =IF(INT(B8) = INT(C8), 1, 0) -> 1 | G8: =IF(HOUR(B8)=HOUR(C8), 1,0) -> 0
A9: qer-fal-095 | B9: 44440.063 | C9: 44445.885 | D9: kpue-zlm-8tq | E9: kbj-pecf-45 | F9: =IF(INT(B9) = INT(C9), 1, 0) -> 0 | G9: =IF(HOUR(B9)=HOUR(C9), 1,0) -> 0
A10: isu-sjd-461 | B10: 44441.809 | C10: 44441.83 | D10: sqmn-hde-19c | E10: vew-iuvd-16 | F10: =IF(INT(B10) = INT(C10), 1, 0) -> 1 | G10: =IF(HOUR(B10)=HOUR(C10), 1,0) -> 1
A11: qer-fal-096 | B11: 44443.596 | C11: 44444.275 | D11: twbf-rsj-77a | E11: kbj-pecf-46 | F11: =IF(INT(B11) = INT(C11), 1, 0) -> 0 | G11: =IF(HOUR(B11)=HOUR(C11), 1,0) -> 0
A12: isu-sjd-462 | B12: 44445.363 | C12: 44445.608 | D12: ghyp-nqv-53t | E12: vew-iuvd-17 | F12: =IF(INT(B12) = INT(C12), 1, 0) -> 1 | G12: =IF(HOUR(B12)=HOUR(C12), 1,0) -> 0
A13: qer-fal-097 | B13: 44447.129 | C13: 44447.156 | D13: cbrl-kdu-6yx | E13: kbj-pecf-47 | F13: =IF(INT(B13) = INT(C13), 1, 0) -> 1 | G13: =IF(HOUR(B13)=HOUR(C13), 1,0) -> 1
... A20: isu-sjd-466 | B20: 44459.494 | C20: 44460.275 | D20: pkgt-ypt-22k | E20: vew-iuvd-21 | F20: =IF(INT(B20) = INT(C20), 1, 0) -> 0 | G20: =IF(HOUR(B20)=HOUR(C20), 1,0) -> 0

Sheet Pivot Table 1

Sheet feedbacks
A1: cms_id | B1: feedback_at | C1: feedback_rating | D1: ticket_created_at
A2: vew-iuvd-12 | B2: 44429.56 | C2: 4 | D2: {=IFERROR(VLOOKUP(A2, {tickets!$E$2:$E$20, tickets!$B$2:$B$20}, 2, FALSE), "")} -> 44427.698
A3: kbj-pecf-42 | B3: 44429.752 | C3: 3 | D3: {=IFERROR(VLOOKUP(A3, {tickets!$E$2:$E$20, tickets!$B$2:$B$20}, 2, FALSE), "")} -> 44429.465
A4: vew-iuvd-13 | B4: 44431.257 | C4: 5 | D4: {=IFERROR(VLOOKUP(A4, {tickets!$E$2:$E$20, tickets!$B$2:$B$20}, 2, FALSE), "")} -> 44431.231
A5: kbj-pecf-43 | B5: 44433.134 | C5: 2 | D5: {=IFERROR(VLOOKUP(A5, {tickets!$E$2:$E$20, tickets!$B$2:$B$20}, 2, FALSE), "")} -> 44432.998
A6: vew-iuvd-14 | B6: 44435.398 | C6: 4 | D6: {=IFERROR(VLOOKUP(A6, {tickets!$E$2:$E$20, tickets!$B$2:$B$20}, 2, FALSE), "")} -> 44434.764
A7: kbj-pecf-44 | B7: 44436.817 | C7: 3 | D7: {=IFERROR(VLOOKUP(A7, {tickets!$E$2:$E$20, tickets!$B$2:$B$20}, 2, FALSE), "")} -> 44436.531
A8: vew-iuvd-15 | B8: 44438.723 | C8: 5 | D8: {=IFERROR(VLOOKUP(A8, {tickets!$E$2:$E$20, tickets!$B$2:$B$20}, 2, FALSE), "")} -> 44438.297
A9: kbj-pecf-45 | B9: 44446.342 | C9: 4 | D9: {=IFERROR(VLOOKUP(A9, {tickets!$E$2:$E$20, tickets!$B$2:$B$20}, 2, FALSE), "")} -> 44440.063
A10: vew-iuvd-16 | B10: 44441.84 | C10: 2 | D10: {=IFERROR(VLOOKUP(A10, {tickets!$E$2:$E$20, tickets!$B$2:$B$20}, 2, FALSE), "")} -> 44441.809
A11: kbj-pecf-46 | B11: 44444.384 | C11: 3 | D11: {=IFERROR(VLOOKUP(A11, {tickets!$E$2:$E$20, tickets!$B$2:$B$20}, 2, FALSE), "")} -> 44443.596
A12: vew-iuvd-17 | B12: 44445.643 | C12: 4 | D12: {=IFERROR(VLOOKUP(A12, {tickets!$E$2:$E$20, tickets!$B$2:$B$20}, 2, FALSE), "")} -> 44445.363
A13: kbj-pecf-47 | B13: 44447.169 | C13: 5 | D13: {=IFERROR(VLOOKUP(A13, {tickets!$E$2:$E$20, tickets!$B$2:$B$20}, 2, FALSE), "")} -> 44447.129
... A20: vew-iuvd-21 | B20: 44460.294 | C20: 5 | D20: {=IFERROR(VLOOKUP(A20, {tickets!$E$2:$E$20, tickets!$B$2:$B$20}, 2, FALSE), "")} -> 44459.494
